best_compute,best_price,home_ids,task_name,updated_time,file_name
node2,411653.86092419125,home,task0,31.03.19 17:41:28,1botnet.ipsum
node2,411653.86092419125,home,task0,31.03.19 17:41:29,1botnet.ipsum
node2,411518.7499999996,home,task1,31.03.19 17:41:32,1botnet
node2,411518.7499999996,home,task1,31.03.19 17:41:33,1botnet
node2,411518.7499999996,home,task3,31.03.19 17:41:34,1botnet
node2,411518.7499999996,home,task3,31.03.19 17:41:35,1botnet
node2,411518.7499999996,home,task2,31.03.19 17:41:36,1botnet
node2,411518.7499999996,home,task2,31.03.19 17:41:37,1botnet
node2,411518.7499999996,home,task4,31.03.19 17:41:38,1botnet
node2,411518.7499999996,home,task4,31.03.19 17:41:39,1botnet
node2,411518.7499999996,home,task4,31.03.19 17:41:43,1botnet
node2,411518.7499999996,home,task4,31.03.19 17:41:44,1botnet
node2,411518.7499999996,home,task4,31.03.19 17:41:45,1botnet
node2,411518.7499999996,home,task4,31.03.19 17:41:46,1botnet
node2,411518.7499999996,home,task5,31.03.19 17:41:47,1botnet
node2,411518.7499999996,home,task5,31.03.19 17:41:47,1botnet
node2,411518.7499999996,home,task6,31.03.19 17:41:48,1botnet
node2,411518.7499999996,home,task6,31.03.19 17:41:49,1botnet
node2,411518.7499999996,home,task6,31.03.19 17:41:54,1botnet
node2,411518.7499999996,home,task6,31.03.19 17:41:55,1botnet
node2,412595.2336235776,home,task0,31.03.19 17:42:33,2botnet.ipsum
node2,412595.2336235776,home,task0,31.03.19 17:42:34,2botnet.ipsum
node2,412460.1226993859,home,task1,31.03.19 17:42:37,2botnet
node2,412460.1226993859,home,task1,31.03.19 17:42:38,2botnet
node2,412460.1226993859,home,task3,31.03.19 17:42:39,2botnet
node2,412460.1226993859,home,task3,31.03.19 17:42:40,2botnet
node2,412460.1226993859,home,task2,31.03.19 17:42:41,2botnet
node2,412460.1226993859,home,task2,31.03.19 17:42:42,2botnet
node2,412460.1226993859,home,task4,31.03.19 17:42:43,2botnet
node2,412460.1226993859,home,task4,31.03.19 17:42:43,2botnet
node2,412460.1226993859,home,task4,31.03.19 17:42:48,2botnet
node2,412460.1226993859,home,task4,31.03.19 17:42:48,2botnet
node2,412460.1226993859,home,task4,31.03.19 17:42:50,2botnet
node2,412460.1226993859,home,task4,31.03.19 17:42:50,2botnet
node2,412460.1226993859,home,task5,31.03.19 17:42:51,2botnet
node2,412460.1226993859,home,task5,31.03.19 17:42:52,2botnet
node2,412460.1226993859,home,task6,31.03.19 17:42:53,2botnet
node2,412460.1226993859,home,task6,31.03.19 17:42:54,2botnet
node2,412460.1226993859,home,task6,31.03.19 17:42:59,2botnet
node2,412460.1226993859,home,task6,31.03.19 17:43:00,2botnet
node2,412595.2336235776,home,task0,31.03.19 17:43:39,3botnet.ipsum
node2,412595.2336235776,home,task0,31.03.19 17:43:39,3botnet.ipsum
node2,412460.1226993859,home,task1,31.03.19 17:43:42,3botnet
node2,412460.1226993859,home,task1,31.03.19 17:43:43,3botnet
node2,412460.1226993859,home,task3,31.03.19 17:43:45,3botnet
node2,412460.1226993859,home,task3,31.03.19 17:43:45,3botnet
node2,412460.1226993859,home,task2,31.03.19 17:43:46,3botnet
node2,412460.1226993859,home,task2,31.03.19 17:43:47,3botnet
node2,412460.1226993859,home,task4,31.03.19 17:43:48,3botnet
node2,412460.1226993859,home,task4,31.03.19 17:43:49,3botnet
node2,412460.1226993859,home,task4,31.03.19 17:43:53,3botnet
node2,412460.1226993859,home,task4,31.03.19 17:43:54,3botnet
node2,412460.1226993859,home,task4,31.03.19 17:43:55,3botnet
node2,412460.1226993859,home,task4,31.03.19 17:43:56,3botnet
node2,412460.1226993859,home,task5,31.03.19 17:43:57,3botnet
node2,412460.1226993859,home,task5,31.03.19 17:43:57,3botnet
node2,412460.1226993859,home,task6,31.03.19 17:43:58,3botnet
node2,412460.1226993859,home,task6,31.03.19 17:43:59,3botnet
node2,412460.1226993859,home,task6,31.03.19 17:44:04,3botnet
node2,412460.1226993859,home,task6,31.03.19 17:44:05,3botnet
node2,412595.2336235776,home,task0,31.03.19 17:44:44,4botnet.ipsum
node2,412595.2336235776,home,task0,31.03.19 17:44:44,4botnet.ipsum
node2,412460.1226993859,home,task1,31.03.19 17:44:47,4botnet
node2,412460.1226993859,home,task1,31.03.19 17:44:48,4botnet
node2,412460.1226993859,home,task3,31.03.19 17:44:50,4botnet
node2,412460.1226993859,home,task3,31.03.19 17:44:50,4botnet
node2,412460.1226993859,home,task2,31.03.19 17:44:52,4botnet
node2,412460.1226993859,home,task2,31.03.19 17:44:52,4botnet
node2,412460.1226993859,home,task4,31.03.19 17:44:53,4botnet
node2,412460.1226993859,home,task4,31.03.19 17:44:54,4botnet
node2,412460.1226993859,home,task4,31.03.19 17:44:58,4botnet
node2,412460.1226993859,home,task4,31.03.19 17:44:59,4botnet
node2,412460.1226993859,home,task4,31.03.19 17:45:00,4botnet
node2,412460.1226993859,home,task4,31.03.19 17:45:01,4botnet
node2,412460.1226993859,home,task5,31.03.19 17:45:02,4botnet
node2,412460.1226993859,home,task5,31.03.19 17:45:02,4botnet
node2,412460.1226993859,home,task6,31.03.19 17:45:03,4botnet
node2,412460.1226993859,home,task6,31.03.19 17:45:04,4botnet
node2,412460.1226993859,home,task6,31.03.19 17:45:09,4botnet
node2,412460.1226993859,home,task6,31.03.19 17:45:10,4botnet
node2,414659.20730973326,home,task0,31.03.19 17:45:49,5botnet.ipsum
node2,414659.20730973326,home,task0,31.03.19 17:45:49,5botnet.ipsum
node2,414524.0963855416,home,task1,31.03.19 17:45:52,5botnet
node2,414524.0963855416,home,task1,31.03.19 17:45:53,5botnet
node2,414524.0963855416,home,task3,31.03.19 17:45:55,5botnet
node2,414524.0963855416,home,task3,31.03.19 17:45:55,5botnet
node2,414524.0963855416,home,task2,31.03.19 17:45:57,5botnet
node2,414524.0963855416,home,task2,31.03.19 17:45:57,5botnet
node2,414524.0963855416,home,task4,31.03.19 17:45:58,5botnet
node2,414524.0963855416,home,task4,31.03.19 17:45:59,5botnet
node2,414524.0963855416,home,task4,31.03.19 17:46:03,5botnet
node2,414524.0963855416,home,task4,31.03.19 17:46:04,5botnet
node2,414524.0963855416,home,task4,31.03.19 17:46:05,5botnet
node2,414524.0963855416,home,task4,31.03.19 17:46:06,5botnet
node2,414524.0963855416,home,task5,31.03.19 17:46:07,5botnet
node2,414524.0963855416,home,task5,31.03.19 17:46:07,5botnet
node2,414524.0963855416,home,task6,31.03.19 17:46:09,5botnet
node2,414524.0963855416,home,task6,31.03.19 17:46:10,5botnet
node2,414524.0963855416,home,task6,31.03.19 17:46:14,5botnet
node2,414524.0963855416,home,task6,31.03.19 17:46:15,5botnet
node2,414659.20730973326,home,task0,31.03.19 17:46:54,6botnet.ipsum
node2,414659.20730973326,home,task0,31.03.19 17:46:54,6botnet.ipsum
node2,414524.0963855416,home,task1,31.03.19 17:46:57,6botnet
node2,414524.0963855416,home,task1,31.03.19 17:46:58,6botnet
node2,414524.0963855416,home,task3,31.03.19 17:47:00,6botnet
node2,414524.0963855416,home,task3,31.03.19 17:47:00,6botnet
node2,414524.0963855416,home,task2,31.03.19 17:47:02,6botnet
node2,414524.0963855416,home,task2,31.03.19 17:47:02,6botnet
node2,414524.0963855416,home,task4,31.03.19 17:47:03,6botnet
node2,414524.0963855416,home,task4,31.03.19 17:47:04,6botnet
node2,414524.0963855416,home,task4,31.03.19 17:47:08,6botnet
node2,414524.0963855416,home,task4,31.03.19 17:47:09,6botnet
node2,414524.0963855416,home,task4,31.03.19 17:47:10,6botnet
node2,414524.0963855416,home,task4,31.03.19 17:47:11,6botnet
node2,414524.0963855416,home,task5,31.03.19 17:47:12,6botnet
node2,414524.0963855416,home,task5,31.03.19 17:47:12,6botnet
node2,414524.0963855416,home,task6,31.03.19 17:47:13,6botnet
node2,414524.0963855416,home,task6,31.03.19 17:47:14,6botnet
node2,414524.0963855416,home,task6,31.03.19 17:47:19,6botnet
node2,414524.0963855416,home,task6,31.03.19 17:47:20,6botnet
node2,414659.20730973326,home,task0,31.03.19 17:47:59,7botnet.ipsum
node2,414659.20730973326,home,task0,31.03.19 17:47:59,7botnet.ipsum
node2,414524.0963855416,home,task1,31.03.19 17:48:02,7botnet
node2,414524.0963855416,home,task1,31.03.19 17:48:03,7botnet
node2,414524.0963855416,home,task3,31.03.19 17:48:05,7botnet
node2,414524.0963855416,home,task3,31.03.19 17:48:05,7botnet
node2,414524.0963855416,home,task2,31.03.19 17:48:07,7botnet
node2,414524.0963855416,home,task2,31.03.19 17:48:07,7botnet
node2,414524.0963855416,home,task4,31.03.19 17:48:08,7botnet
node2,414524.0963855416,home,task4,31.03.19 17:48:09,7botnet
node2,414524.0963855416,home,task4,31.03.19 17:48:14,7botnet
node2,414524.0963855416,home,task4,31.03.19 17:48:14,7botnet
node2,414524.0963855416,home,task4,31.03.19 17:48:15,7botnet
node2,414524.0963855416,home,task4,31.03.19 17:48:16,7botnet
node2,414524.0963855416,home,task5,31.03.19 17:48:17,7botnet
node2,414524.0963855416,home,task5,31.03.19 17:48:17,7botnet
node2,416792.89940828347,home,task6,31.03.19 17:48:19,7botnet
node2,416792.89940828347,home,task6,31.03.19 17:48:20,7botnet
node2,416792.89940828347,home,task6,31.03.19 17:48:24,7botnet
node2,416792.89940828347,home,task6,31.03.19 17:48:25,7botnet
node2,416928.0103324751,home,task0,31.03.19 17:49:04,8botnet.ipsum
node2,416928.0103324751,home,task0,31.03.19 17:49:04,8botnet.ipsum
node2,416792.89940828347,home,task1,31.03.19 17:49:07,8botnet
node2,416792.89940828347,home,task1,31.03.19 17:49:08,8botnet
node2,416792.89940828347,home,task3,31.03.19 17:49:10,8botnet
node2,416792.89940828347,home,task3,31.03.19 17:49:10,8botnet
node2,416792.89940828347,home,task2,31.03.19 17:49:11,8botnet
node2,416792.89940828347,home,task2,31.03.19 17:49:12,8botnet
node2,416792.89940828347,home,task4,31.03.19 17:49:13,8botnet
node2,416792.89940828347,home,task4,31.03.19 17:49:14,8botnet
node2,416792.89940828347,home,task4,31.03.19 17:49:18,8botnet
node2,416792.89940828347,home,task4,31.03.19 17:49:19,8botnet
node2,416792.89940828347,home,task5,31.03.19 17:49:20,8botnet
node2,416792.89940828347,home,task5,31.03.19 17:49:20,8botnet
node2,416792.89940828347,home,task4,31.03.19 17:49:21,8botnet
node2,416792.89940828347,home,task4,31.03.19 17:49:22,8botnet
node2,416792.89940828347,home,task6,31.03.19 17:49:23,8botnet
node2,416792.89940828347,home,task6,31.03.19 17:49:24,8botnet
node2,416792.89940828347,home,task6,31.03.19 17:49:29,8botnet
node2,416792.89940828347,home,task6,31.03.19 17:49:30,8botnet
node2,416928.0103324751,home,task0,31.03.19 17:50:09,9botnet.ipsum
node2,416928.0103324751,home,task0,31.03.19 17:50:09,9botnet.ipsum
node2,416792.89940828347,home,task1,31.03.19 17:50:12,9botnet
node2,416792.89940828347,home,task1,31.03.19 17:50:13,9botnet
node2,416792.89940828347,home,task3,31.03.19 17:50:15,9botnet
node2,416792.89940828347,home,task3,31.03.19 17:50:15,9botnet
node2,416792.89940828347,home,task2,31.03.19 17:50:17,9botnet
node2,416792.89940828347,home,task2,31.03.19 17:50:17,9botnet
node2,416792.89940828347,home,task4,31.03.19 17:50:18,9botnet
node2,416792.89940828347,home,task4,31.03.19 17:50:19,9botnet
node2,416792.89940828347,home,task4,31.03.19 17:50:23,9botnet
node2,416792.89940828347,home,task4,31.03.19 17:50:24,9botnet
node2,416792.89940828347,home,task4,31.03.19 17:50:25,9botnet
node2,416792.89940828347,home,task4,31.03.19 17:50:26,9botnet
node2,416792.89940828347,home,task5,31.03.19 17:50:27,9botnet
node2,416792.89940828347,home,task5,31.03.19 17:50:27,9botnet
node2,416792.89940828347,home,task6,31.03.19 17:50:28,9botnet
node2,416792.89940828347,home,task6,31.03.19 17:50:29,9botnet
node2,416792.89940828347,home,task6,31.03.19 17:50:34,9botnet
node2,416792.89940828347,home,task6,31.03.19 17:50:35,9botnet
node2,416928.0103324751,home,task0,31.03.19 17:51:14,10botnet.ipsum
node2,416928.0103324751,home,task0,31.03.19 17:51:14,10botnet.ipsum
node2,416792.89940828347,home,task1,31.03.19 17:51:17,10botnet
node2,416792.89940828347,home,task1,31.03.19 17:51:18,10botnet
node2,419122.09302325523,home,task3,31.03.19 17:51:20,10botnet
node2,419122.09302325523,home,task3,31.03.19 17:51:20,10botnet
node2,419122.09302325523,home,task2,31.03.19 17:51:22,10botnet
node2,419122.09302325523,home,task2,31.03.19 17:51:22,10botnet
node2,419122.09302325523,home,task4,31.03.19 17:51:23,10botnet
node2,419122.09302325523,home,task4,31.03.19 17:51:24,10botnet
node2,419122.09302325523,home,task4,31.03.19 17:51:28,10botnet
node2,419122.09302325523,home,task4,31.03.19 17:51:29,10botnet
node2,419122.09302325523,home,task4,31.03.19 17:51:30,10botnet
node2,419122.09302325523,home,task4,31.03.19 17:51:31,10botnet
node2,419122.09302325523,home,task5,31.03.19 17:51:32,10botnet
node2,419122.09302325523,home,task5,31.03.19 17:51:32,10botnet
node2,419122.09302325523,home,task6,31.03.19 17:51:34,10botnet
node2,419122.09302325523,home,task6,31.03.19 17:51:35,10botnet
node2,419122.09302325523,home,task6,31.03.19 17:51:39,10botnet
node2,419122.09302325523,home,task6,31.03.19 17:51:40,10botnet
node2,419257.2039474469,home,task0,31.03.19 17:52:19,11botnet.ipsum
node2,419257.2039474469,home,task0,31.03.19 17:52:19,11botnet.ipsum
node2,419122.09302325523,home,task1,31.03.19 17:52:22,11botnet
node2,419122.09302325523,home,task1,31.03.19 17:52:23,11botnet
node2,419122.09302325523,home,task3,31.03.19 17:52:25,11botnet
node2,419122.09302325523,home,task3,31.03.19 17:52:25,11botnet
node2,419122.09302325523,home,task2,31.03.19 17:52:27,11botnet
node2,419122.09302325523,home,task2,31.03.19 17:52:27,11botnet
node2,419122.09302325523,home,task4,31.03.19 17:52:28,11botnet
node2,419122.09302325523,home,task4,31.03.19 17:52:29,11botnet
node2,419122.09302325523,home,task4,31.03.19 17:52:33,11botnet
node2,419122.09302325523,home,task4,31.03.19 17:52:34,11botnet
node2,419122.09302325523,home,task4,31.03.19 17:52:35,11botnet
node2,419122.09302325523,home,task4,31.03.19 17:52:36,11botnet
node2,419122.09302325523,home,task5,31.03.19 17:52:37,11botnet
node2,419122.09302325523,home,task5,31.03.19 17:52:37,11botnet
node2,419122.09302325523,home,task6,31.03.19 17:52:39,11botnet
node2,419122.09302325523,home,task6,31.03.19 17:52:40,11botnet
node2,419122.09302325523,home,task6,31.03.19 17:52:45,11botnet
node2,419122.09302325523,home,task6,31.03.19 17:52:46,11botnet
node2,419257.2039474469,home,task0,31.03.19 17:53:24,12botnet.ipsum
node2,419257.2039474469,home,task0,31.03.19 17:53:24,12botnet.ipsum
node2,419122.09302325523,home,task1,31.03.19 17:53:27,12botnet
node2,419122.09302325523,home,task1,31.03.19 17:53:28,12botnet
node2,419122.09302325523,home,task3,31.03.19 17:53:30,12botnet
node2,419122.09302325523,home,task3,31.03.19 17:53:30,12botnet
node2,419122.09302325523,home,task2,31.03.19 17:53:32,12botnet
node2,419122.09302325523,home,task2,31.03.19 17:53:32,12botnet
node2,419122.09302325523,home,task4,31.03.19 17:53:33,12botnet
node2,419122.09302325523,home,task4,31.03.19 17:53:34,12botnet
node2,419122.09302325523,home,task4,31.03.19 17:53:39,12botnet
node2,419122.09302325523,home,task4,31.03.19 17:53:39,12botnet
node2,419122.09302325523,home,task4,31.03.19 17:53:40,12botnet
node2,419122.09302325523,home,task4,31.03.19 17:53:41,12botnet
node2,419122.09302325523,home,task5,31.03.19 17:53:42,12botnet
node2,419122.09302325523,home,task5,31.03.19 17:53:42,12botnet
node2,419122.09302325523,home,task6,31.03.19 17:53:43,12botnet
node2,419122.09302325523,home,task6,31.03.19 17:53:44,12botnet
node2,419122.09302325523,home,task6,31.03.19 17:53:49,12botnet
node2,419122.09302325523,home,task6,31.03.19 17:53:50,12botnet
node2,421546.5394956197,home,task0,31.03.19 17:54:29,13botnet.ipsum
node2,421546.5394956197,home,task0,31.03.19 17:54:29,13botnet.ipsum
node2,421411.42857142806,home,task1,31.03.19 17:54:32,13botnet
node2,421411.42857142806,home,task1,31.03.19 17:54:34,13botnet
node2,421411.42857142806,home,task3,31.03.19 17:54:35,13botnet
node2,421411.42857142806,home,task3,31.03.19 17:54:35,13botnet
node2,421411.42857142806,home,task2,31.03.19 17:54:37,13botnet
node2,421411.42857142806,home,task2,31.03.19 17:54:37,13botnet
node2,421411.42857142806,home,task4,31.03.19 17:54:38,13botnet
node2,421411.42857142806,home,task4,31.03.19 17:54:39,13botnet
node2,421411.42857142806,home,task4,31.03.19 17:54:43,13botnet
node2,421411.42857142806,home,task4,31.03.19 17:54:44,13botnet
node2,421411.42857142806,home,task4,31.03.19 17:54:45,13botnet
node2,421411.42857142806,home,task4,31.03.19 17:54:46,13botnet
node2,421411.42857142806,home,task5,31.03.19 17:54:47,13botnet
node2,421411.42857142806,home,task5,31.03.19 17:54:47,13botnet
node2,421411.42857142806,home,task6,31.03.19 17:54:48,13botnet
node2,421411.42857142806,home,task6,31.03.19 17:54:49,13botnet
node2,421411.42857142806,home,task6,31.03.19 17:54:54,13botnet
node2,421411.42857142806,home,task6,31.03.19 17:54:55,13botnet
node2,421546.5394956197,home,task0,31.03.19 17:55:34,14botnet.ipsum
node2,421546.5394956197,home,task0,31.03.19 17:55:34,14botnet.ipsum
node2,421411.42857142806,home,task1,31.03.19 17:55:38,14botnet
node2,421411.42857142806,home,task1,31.03.19 17:55:39,14botnet
node2,421411.42857142806,home,task3,31.03.19 17:55:40,14botnet
node2,421411.42857142806,home,task3,31.03.19 17:55:41,14botnet
node2,421411.42857142806,home,task2,31.03.19 17:55:42,14botnet
node2,421411.42857142806,home,task2,31.03.19 17:55:42,14botnet
node2,421411.42857142806,home,task4,31.03.19 17:55:44,14botnet
node2,421411.42857142806,home,task4,31.03.19 17:55:44,14botnet
node2,421411.42857142806,home,task4,31.03.19 17:55:49,14botnet
node2,421411.42857142806,home,task4,31.03.19 17:55:49,14botnet
node2,421411.42857142806,home,task4,31.03.19 17:55:50,14botnet
node2,421411.42857142806,home,task4,31.03.19 17:55:51,14botnet
node2,421411.42857142806,home,task5,31.03.19 17:55:52,14botnet
node2,421411.42857142806,home,task5,31.03.19 17:55:52,14botnet
node2,421411.42857142806,home,task6,31.03.19 17:55:53,14botnet
node2,421411.42857142806,home,task6,31.03.19 17:55:54,14botnet
node2,421411.42857142806,home,task6,31.03.19 17:55:59,14botnet
node2,421411.42857142806,home,task6,31.03.19 17:56:00,14botnet
node2,421546.5394956197,home,task0,31.03.19 17:56:39,15botnet.ipsum
node2,421546.5394956197,home,task0,31.03.19 17:56:39,15botnet.ipsum
node2,421411.42857142806,home,task1,31.03.19 17:56:43,15botnet
node2,421411.42857142806,home,task1,31.03.19 17:56:44,15botnet
node2,421411.42857142806,home,task3,31.03.19 17:56:45,15botnet
node2,421411.42857142806,home,task3,31.03.19 17:56:46,15botnet
node2,421411.42857142806,home,task2,31.03.19 17:56:47,15botnet
node2,421411.42857142806,home,task2,31.03.19 17:56:48,15botnet
node2,421411.42857142806,home,task4,31.03.19 17:56:49,15botnet
node2,421411.42857142806,home,task4,31.03.19 17:56:49,15botnet
node2,421411.42857142806,home,task4,31.03.19 17:56:54,15botnet
node2,421411.42857142806,home,task4,31.03.19 17:56:56,15botnet
node2,421411.42857142806,home,task4,31.03.19 17:56:57,15botnet
node2,421411.42857142806,home,task4,31.03.19 17:56:58,15botnet
node2,421411.42857142806,home,task5,31.03.19 17:57:00,15botnet
node2,421411.42857142806,home,task5,31.03.19 17:57:00,15botnet
node2,421411.42857142806,home,task6,31.03.19 17:57:01,15botnet
node2,421411.42857142806,home,task6,31.03.19 17:57:03,15botnet
node2,421411.42857142806,home,task6,31.03.19 17:57:08,15botnet
node2,421411.42857142806,home,task6,31.03.19 17:57:09,15botnet
node2,422807.42730837193,home,task0,31.03.19 17:57:49,16botnet.ipsum
node2,422807.42730837193,home,task0,31.03.19 17:57:49,16botnet.ipsum
node2,423219.10112359497,home,task1,31.03.19 17:57:53,16botnet
node2,423219.10112359497,home,task1,31.03.19 17:57:54,16botnet
node2,422672.3163841803,home,task3,31.03.19 17:57:55,16botnet
node2,422672.3163841803,home,task3,31.03.19 17:57:56,16botnet
node2,422672.3163841803,home,task2,31.03.19 17:57:57,16botnet
node2,422672.3163841803,home,task2,31.03.19 17:57:58,16botnet
node2,423219.10112359497,home,task4,31.03.19 17:57:59,16botnet
node2,423219.10112359497,home,task4,31.03.19 17:57:59,16botnet
node2,423219.10112359497,home,task4,31.03.19 17:58:04,16botnet
node2,423219.10112359497,home,task4,31.03.19 17:58:04,16botnet
node2,423219.10112359497,home,task4,31.03.19 17:58:06,16botnet
node2,423219.10112359497,home,task4,31.03.19 17:58:07,16botnet
node2,422672.3163841803,home,task5,31.03.19 17:58:08,16botnet
node2,422672.3163841803,home,task5,31.03.19 17:58:08,16botnet
node2,423219.10112359497,home,task6,31.03.19 17:58:09,16botnet
node2,423219.10112359497,home,task6,31.03.19 17:58:10,16botnet
node2,423219.10112359497,home,task6,31.03.19 17:58:15,16botnet
node2,423219.10112359497,home,task6,31.03.19 17:58:16,16botnet
node2,422807.42730837193,home,task0,31.03.19 17:58:54,17botnet.ipsum
node2,422807.42730837193,home,task0,31.03.19 17:58:54,17botnet.ipsum
node2,423219.10112359497,home,task1,31.03.19 17:58:58,17botnet
node2,423219.10112359497,home,task1,31.03.19 17:58:59,17botnet
node2,422672.3163841803,home,task3,31.03.19 17:59:00,17botnet
node2,422672.3163841803,home,task3,31.03.19 17:59:01,17botnet
node2,422672.3163841803,home,task2,31.03.19 17:59:02,17botnet
node2,422672.3163841803,home,task2,31.03.19 17:59:02,17botnet
node2,423219.10112359497,home,task4,31.03.19 17:59:04,17botnet
node2,423219.10112359497,home,task4,31.03.19 17:59:05,17botnet
node2,423219.10112359497,home,task4,31.03.19 17:59:10,17botnet
node2,423219.10112359497,home,task4,31.03.19 17:59:10,17botnet
node2,423219.10112359497,home,task4,31.03.19 17:59:11,17botnet
node2,423219.10112359497,home,task4,31.03.19 17:59:12,17botnet
node2,422672.3163841803,home,task5,31.03.19 17:59:13,17botnet
node2,422672.3163841803,home,task5,31.03.19 17:59:13,17botnet
node2,423219.10112359497,home,task6,31.03.19 17:59:15,17botnet
node2,423219.10112359497,home,task6,31.03.19 17:59:16,17botnet
node2,423219.10112359497,home,task6,31.03.19 17:59:21,17botnet
node2,423219.10112359497,home,task6,31.03.19 17:59:22,17botnet
node2,422807.42730837193,home,task0,31.03.19 17:59:59,18botnet.ipsum
node2,422807.42730837193,home,task0,31.03.19 17:59:59,18botnet.ipsum
node2,423219.10112359497,home,task1,31.03.19 18:00:03,18botnet
node2,423219.10112359497,home,task1,31.03.19 18:00:04,18botnet
node2,422672.3163841803,home,task3,31.03.19 18:00:05,18botnet
node2,422672.3163841803,home,task3,31.03.19 18:00:06,18botnet
node2,422672.3163841803,home,task2,31.03.19 18:00:07,18botnet
node2,422672.3163841803,home,task2,31.03.19 18:00:08,18botnet
node2,423219.10112359497,home,task4,31.03.19 18:00:09,18botnet
node2,423219.10112359497,home,task4,31.03.19 18:00:10,18botnet
node2,423219.10112359497,home,task4,31.03.19 18:00:14,18botnet
node2,423219.10112359497,home,task4,31.03.19 18:00:15,18botnet
node2,423219.10112359497,home,task4,31.03.19 18:00:16,18botnet
node2,423219.10112359497,home,task4,31.03.19 18:00:16,18botnet
node2,422672.3163841803,home,task5,31.03.19 18:00:18,18botnet
node2,422672.3163841803,home,task5,31.03.19 18:00:18,18botnet
node2,424455.5555555549,home,task6,31.03.19 18:00:19,18botnet
node2,424455.5555555549,home,task6,31.03.19 18:00:20,18botnet
node2,424455.5555555549,home,task6,31.03.19 18:00:25,18botnet
node2,424455.5555555549,home,task6,31.03.19 18:00:26,18botnet
node2,424590.6664797466,home,task0,31.03.19 18:01:04,19botnet.ipsum
node2,424590.6664797466,home,task0,31.03.19 18:01:04,19botnet.ipsum
node2,424455.5555555549,home,task1,31.03.19 18:01:08,19botnet
node2,424455.5555555549,home,task1,31.03.19 18:01:09,19botnet
node2,424455.5555555549,home,task3,31.03.19 18:01:10,19botnet
node2,424455.5555555549,home,task3,31.03.19 18:01:11,19botnet
node2,424455.5555555549,home,task2,31.03.19 18:01:12,19botnet
node2,424455.5555555549,home,task2,31.03.19 18:01:12,19botnet
node2,424455.5555555549,home,task4,31.03.19 18:01:14,19botnet
node2,424455.5555555549,home,task4,31.03.19 18:01:14,19botnet
node2,424455.5555555549,home,task4,31.03.19 18:01:19,19botnet
node2,424455.5555555549,home,task4,31.03.19 18:01:19,19botnet
node2,424455.5555555549,home,task4,31.03.19 18:01:21,19botnet
node2,424455.5555555549,home,task4,31.03.19 18:01:21,19botnet
node2,424455.5555555549,home,task5,31.03.19 18:01:22,19botnet
node2,424455.5555555549,home,task5,31.03.19 18:01:22,19botnet
node2,424455.5555555549,home,task6,31.03.19 18:01:24,19botnet
node2,424455.5555555549,home,task6,31.03.19 18:01:25,19botnet
node2,424455.5555555549,home,task6,31.03.19 18:01:29,19botnet
node2,424455.5555555549,home,task6,31.03.19 18:01:30,19botnet
node2,424590.6664797466,home,task0,31.03.19 18:02:09,20botnet.ipsum
node2,424590.6664797466,home,task0,31.03.19 18:02:10,20botnet.ipsum
node2,424455.5555555549,home,task1,31.03.19 18:02:13,20botnet
node2,424455.5555555549,home,task1,31.03.19 18:02:14,20botnet
node2,424455.5555555549,home,task3,31.03.19 18:02:15,20botnet
node2,424455.5555555549,home,task3,31.03.19 18:02:16,20botnet
node2,424455.5555555549,home,task2,31.03.19 18:02:17,20botnet
node2,424455.5555555549,home,task2,31.03.19 18:02:18,20botnet
node2,424455.5555555549,home,task4,31.03.19 18:02:19,20botnet
node2,424455.5555555549,home,task4,31.03.19 18:02:19,20botnet
node2,424455.5555555549,home,task4,31.03.19 18:02:24,20botnet
node2,424455.5555555549,home,task4,31.03.19 18:02:24,20botnet
node2,424455.5555555549,home,task4,31.03.19 18:02:26,20botnet
node2,424455.5555555549,home,task4,31.03.19 18:02:26,20botnet
node2,424455.5555555549,home,task5,31.03.19 18:02:27,20botnet
node2,424455.5555555549,home,task5,31.03.19 18:02:28,20botnet
node2,424455.5555555549,home,task6,31.03.19 18:02:29,20botnet
node2,424455.5555555549,home,task6,31.03.19 18:02:30,20botnet
node2,424455.5555555549,home,task6,31.03.19 18:02:34,20botnet
node2,424455.5555555549,home,task6,31.03.19 18:02:35,20botnet
node2,424590.6664797466,home,task0,31.03.19 18:03:14,21botnet.ipsum
node2,424590.6664797466,home,task0,31.03.19 18:03:15,21botnet.ipsum
node2,424455.5555555549,home,task1,31.03.19 18:03:18,21botnet
node2,424455.5555555549,home,task1,31.03.19 18:03:19,21botnet
node2,426557.3770491797,home,task3,31.03.19 18:03:20,21botnet
node2,426557.3770491797,home,task3,31.03.19 18:03:21,21botnet
node2,426557.3770491797,home,task2,31.03.19 18:03:22,21botnet
node2,426557.3770491797,home,task2,31.03.19 18:03:23,21botnet
node2,426557.3770491797,home,task4,31.03.19 18:03:24,21botnet
node2,426557.3770491797,home,task4,31.03.19 18:03:24,21botnet
node2,426557.3770491797,home,task4,31.03.19 18:03:29,21botnet
node2,426557.3770491797,home,task4,31.03.19 18:03:29,21botnet
node2,426557.3770491797,home,task4,31.03.19 18:03:31,21botnet
node2,426557.3770491797,home,task4,31.03.19 18:03:32,21botnet
node2,426557.3770491797,home,task5,31.03.19 18:03:33,21botnet
node2,426557.3770491797,home,task5,31.03.19 18:03:33,21botnet
node2,426557.3770491797,home,task6,31.03.19 18:03:34,21botnet
node2,426557.3770491797,home,task6,31.03.19 18:03:35,21botnet
node2,426557.3770491797,home,task6,31.03.19 18:03:38,21botnet
node2,426557.3770491797,home,task6,31.03.19 18:03:39,21botnet
node2,426557.3770491797,home,task6,31.03.19 18:03:43,21botnet
node2,426557.3770491797,home,task6,31.03.19 18:03:44,21botnet
node2,426692.48797337135,home,task0,31.03.19 18:04:24,22botnet.ipsum
node2,426692.48797337135,home,task0,31.03.19 18:04:25,22botnet.ipsum
node2,426557.3770491797,home,task1,31.03.19 18:04:28,22botnet
node2,426557.3770491797,home,task1,31.03.19 18:04:29,22botnet
node2,426557.3770491797,home,task3,31.03.19 18:04:30,22botnet
node2,426557.3770491797,home,task3,31.03.19 18:04:31,22botnet
node2,426557.3770491797,home,task2,31.03.19 18:04:32,22botnet
node2,426557.3770491797,home,task2,31.03.19 18:04:33,22botnet
node2,426557.3770491797,home,task4,31.03.19 18:04:34,22botnet
node2,426557.3770491797,home,task4,31.03.19 18:04:34,22botnet
node2,426557.3770491797,home,task4,31.03.19 18:04:39,22botnet
node2,426557.3770491797,home,task4,31.03.19 18:04:40,22botnet
node2,426557.3770491797,home,task4,31.03.19 18:04:41,22botnet
node2,426557.3770491797,home,task4,31.03.19 18:04:41,22botnet
node2,426557.3770491797,home,task5,31.03.19 18:04:42,22botnet
node2,426557.3770491797,home,task5,31.03.19 18:04:43,22botnet
node2,426557.3770491797,home,task6,31.03.19 18:04:44,22botnet
node2,426557.3770491797,home,task6,31.03.19 18:04:45,22botnet
node2,426557.3770491797,home,task6,31.03.19 18:04:50,22botnet
node2,426557.3770491797,home,task6,31.03.19 18:04:51,22botnet
node2,426692.48797337135,home,task0,31.03.19 18:05:29,23botnet.ipsum
node2,426692.48797337135,home,task0,31.03.19 18:05:30,23botnet.ipsum
node2,426557.3770491797,home,task1,31.03.19 18:05:33,23botnet
node2,426557.3770491797,home,task1,31.03.19 18:05:34,23botnet
node2,426557.3770491797,home,task3,31.03.19 18:05:35,23botnet
node2,426557.3770491797,home,task3,31.03.19 18:05:36,23botnet
node2,426557.3770491797,home,task2,31.03.19 18:05:37,23botnet
node2,426557.3770491797,home,task2,31.03.19 18:05:38,23botnet
node2,426557.3770491797,home,task4,31.03.19 18:05:39,23botnet
node2,426557.3770491797,home,task4,31.03.19 18:05:39,23botnet
node2,426557.3770491797,home,task4,31.03.19 18:05:44,23botnet
node2,426557.3770491797,home,task4,31.03.19 18:05:45,23botnet
node2,426557.3770491797,home,task4,31.03.19 18:05:46,23botnet
node2,426557.3770491797,home,task4,31.03.19 18:05:46,23botnet
node2,426557.3770491797,home,task5,31.03.19 18:05:47,23botnet
node2,426557.3770491797,home,task5,31.03.19 18:05:48,23botnet
node2,426557.3770491797,home,task6,31.03.19 18:05:49,23botnet
node2,426557.3770491797,home,task6,31.03.19 18:05:50,23botnet
node2,426557.3770491797,home,task6,31.03.19 18:05:54,23botnet
node2,426557.3770491797,home,task6,31.03.19 18:05:56,23botnet
node2,428699.62705322326,home,task0,31.03.19 18:06:35,24botnet.ipsum
node2,428699.62705322326,home,task0,31.03.19 18:06:35,24botnet.ipsum
node2,428564.5161290316,home,task1,31.03.19 18:06:38,24botnet
node2,428564.5161290316,home,task1,31.03.19 18:06:39,24botnet
node2,428564.5161290316,home,task3,31.03.19 18:06:41,24botnet
node2,428564.5161290316,home,task3,31.03.19 18:06:41,24botnet
node2,428564.5161290316,home,task2,31.03.19 18:06:42,24botnet
node2,428564.5161290316,home,task2,31.03.19 18:06:43,24botnet
node2,428564.5161290316,home,task4,31.03.19 18:06:44,24botnet
node2,428564.5161290316,home,task4,31.03.19 18:06:45,24botnet
node2,428564.5161290316,home,task4,31.03.19 18:06:49,24botnet
node2,428564.5161290316,home,task4,31.03.19 18:06:50,24botnet
node2,428564.5161290316,home,task4,31.03.19 18:06:51,24botnet
node2,428564.5161290316,home,task4,31.03.19 18:06:52,24botnet
node2,428564.5161290316,home,task5,31.03.19 18:06:53,24botnet
node2,428564.5161290316,home,task5,31.03.19 18:06:53,24botnet
node2,428564.5161290316,home,task6,31.03.19 18:06:54,24botnet
node2,428564.5161290316,home,task6,31.03.19 18:06:55,24botnet
node2,428564.5161290316,home,task6,31.03.19 18:07:00,24botnet
node2,428564.5161290316,home,task6,31.03.19 18:07:01,24botnet
node2,428699.62705322326,home,task0,31.03.19 18:07:40,25botnet.ipsum
node2,428699.62705322326,home,task0,31.03.19 18:07:40,25botnet.ipsum
node2,428564.5161290316,home,task1,31.03.19 18:07:43,25botnet
node2,428564.5161290316,home,task1,31.03.19 18:07:44,25botnet
node2,428564.5161290316,home,task3,31.03.19 18:07:46,25botnet
node2,428564.5161290316,home,task3,31.03.19 18:07:46,25botnet
node2,428564.5161290316,home,task2,31.03.19 18:07:47,25botnet
node2,428564.5161290316,home,task2,31.03.19 18:07:48,25botnet
node2,428564.5161290316,home,task4,31.03.19 18:07:49,25botnet
node2,428564.5161290316,home,task4,31.03.19 18:07:50,25botnet
node2,428564.5161290316,home,task4,31.03.19 18:07:54,25botnet
node2,428564.5161290316,home,task4,31.03.19 18:07:55,25botnet
node2,428564.5161290316,home,task4,31.03.19 18:07:56,25botnet
node2,428564.5161290316,home,task4,31.03.19 18:07:56,25botnet
node2,428564.5161290316,home,task5,31.03.19 18:07:58,25botnet
node2,428564.5161290316,home,task5,31.03.19 18:07:58,25botnet
node2,428564.5161290316,home,task6,31.03.19 18:07:59,25botnet
node2,428564.5161290316,home,task6,31.03.19 18:08:00,25botnet
node2,428564.5161290316,home,task6,31.03.19 18:08:05,25botnet
node2,428564.5161290316,home,task6,31.03.19 18:08:06,25botnet
node2,428699.62705322326,home,task0,31.03.19 18:08:45,26botnet.ipsum
node2,428699.62705322326,home,task0,31.03.19 18:08:45,26botnet.ipsum
node2,428564.5161290316,home,task1,31.03.19 18:08:48,26botnet
node2,428564.5161290316,home,task1,31.03.19 18:08:49,26botnet
node2,428564.5161290316,home,task3,31.03.19 18:08:51,26botnet
node2,428564.5161290316,home,task3,31.03.19 18:08:51,26botnet
node2,428564.5161290316,home,task2,31.03.19 18:08:52,26botnet
node2,428564.5161290316,home,task2,31.03.19 18:08:53,26botnet
node2,428564.5161290316,home,task4,31.03.19 18:08:54,26botnet
node2,428564.5161290316,home,task4,31.03.19 18:08:55,26botnet
node2,428564.5161290316,home,task4,31.03.19 18:08:59,26botnet
node2,428564.5161290316,home,task4,31.03.19 18:09:00,26botnet
node2,428564.5161290316,home,task4,31.03.19 18:09:01,26botnet
node2,428564.5161290316,home,task4,31.03.19 18:09:02,26botnet
node2,428564.5161290316,home,task5,31.03.19 18:09:03,26botnet
node2,428564.5161290316,home,task5,31.03.19 18:09:03,26botnet
node2,428564.5161290316,home,task6,31.03.19 18:09:04,26botnet
node2,428564.5161290316,home,task6,31.03.19 18:09:05,26botnet
node2,428564.5161290316,home,task6,31.03.19 18:09:11,26botnet
node2,428564.5161290316,home,task6,31.03.19 18:09:12,26botnet
node2,430330.87811995804,home,task0,31.03.19 18:09:50,27botnet.ipsum
node2,430330.87811995804,home,task0,31.03.19 18:09:50,27botnet.ipsum
node2,430195.7671957664,home,task1,31.03.19 18:09:53,27botnet
node2,430195.7671957664,home,task1,31.03.19 18:09:54,27botnet
node2,430195.7671957664,home,task3,31.03.19 18:09:56,27botnet
node2,430195.7671957664,home,task3,31.03.19 18:09:56,27botnet
node2,430195.7671957664,home,task2,31.03.19 18:09:58,27botnet
node2,430195.7671957664,home,task2,31.03.19 18:09:58,27botnet
node2,430195.7671957664,home,task4,31.03.19 18:09:59,27botnet
node2,430195.7671957664,home,task4,31.03.19 18:10:00,27botnet
node2,430195.7671957664,home,task4,31.03.19 18:10:04,27botnet
node2,430195.7671957664,home,task4,31.03.19 18:10:05,27botnet
node2,430195.7671957664,home,task4,31.03.19 18:10:06,27botnet
node2,430195.7671957664,home,task4,31.03.19 18:10:07,27botnet
node2,430195.7671957664,home,task5,31.03.19 18:10:08,27botnet
node2,430195.7671957664,home,task5,31.03.19 18:10:08,27botnet
node2,430195.7671957664,home,task6,31.03.19 18:10:10,27botnet
node2,430195.7671957664,home,task6,31.03.19 18:10:11,27botnet
node2,430195.7671957664,home,task6,31.03.19 18:10:15,27botnet
node2,430195.7671957664,home,task6,31.03.19 18:10:17,27botnet
node2,430330.87811995804,home,task0,31.03.19 18:10:55,28botnet.ipsum
node2,430330.87811995804,home,task0,31.03.19 18:10:55,28botnet.ipsum
node2,430195.7671957664,home,task1,31.03.19 18:10:58,28botnet
node2,430195.7671957664,home,task1,31.03.19 18:10:59,28botnet
node2,430195.7671957664,home,task3,31.03.19 18:11:01,28botnet
node2,430195.7671957664,home,task3,31.03.19 18:11:01,28botnet
node2,430195.7671957664,home,task2,31.03.19 18:11:03,28botnet
node2,430195.7671957664,home,task2,31.03.19 18:11:03,28botnet
node2,430195.7671957664,home,task4,31.03.19 18:11:04,28botnet
node2,430195.7671957664,home,task4,31.03.19 18:11:05,28botnet
node2,430195.7671957664,home,task4,31.03.19 18:11:09,28botnet
node2,430195.7671957664,home,task4,31.03.19 18:11:10,28botnet
node2,430195.7671957664,home,task4,31.03.19 18:11:11,28botnet
node2,430195.7671957664,home,task4,31.03.19 18:11:12,28botnet
node2,430195.7671957664,home,task5,31.03.19 18:11:13,28botnet
node2,430195.7671957664,home,task5,31.03.19 18:11:13,28botnet
node2,430195.7671957664,home,task6,31.03.19 18:11:15,28botnet
node2,430195.7671957664,home,task6,31.03.19 18:11:16,28botnet
node2,430195.7671957664,home,task6,31.03.19 18:11:20,28botnet
node2,430195.7671957664,home,task6,31.03.19 18:11:21,28botnet
node2,430330.87811995804,home,task0,31.03.19 18:12:00,29botnet.ipsum
node2,430330.87811995804,home,task0,31.03.19 18:12:00,29botnet.ipsum
node2,430195.7671957664,home,task1,31.03.19 18:12:03,29botnet
node2,430195.7671957664,home,task1,31.03.19 18:12:04,29botnet
node2,430195.7671957664,home,task3,31.03.19 18:12:06,29botnet
node2,430195.7671957664,home,task3,31.03.19 18:12:06,29botnet
node2,430195.7671957664,home,task2,31.03.19 18:12:08,29botnet
node2,430195.7671957664,home,task2,31.03.19 18:12:08,29botnet
node2,430195.7671957664,home,task4,31.03.19 18:12:10,29botnet
node2,430195.7671957664,home,task4,31.03.19 18:12:10,29botnet
node2,430195.7671957664,home,task4,31.03.19 18:12:15,29botnet
node2,430195.7671957664,home,task4,31.03.19 18:12:15,29botnet
node2,430195.7671957664,home,task4,31.03.19 18:12:17,29botnet
node2,430195.7671957664,home,task4,31.03.19 18:12:17,29botnet
node3,437645.58404117724,home,task5,31.03.19 18:12:18,29botnet
node3,437645.58404117724,home,task5,31.03.19 18:12:18,29botnet
node3,437631.5982490674,home,task6,31.03.19 18:12:20,29botnet
node3,437631.5982490674,home,task6,31.03.19 18:12:21,29botnet
node3,437631.5982490674,home,task6,31.03.19 18:12:25,29botnet
node3,437631.5982490674,home,task6,31.03.19 18:12:26,29botnet
node3,437631.5982490674,home,task6,31.03.19 18:12:32,29botnet
node3,436181.3471502591,home,task6,31.03.19 18:12:32,29botnet
node3,436181.3471502591,home,task6,31.03.19 18:12:33,29botnet
node3,437631.5982490674,home,task6,31.03.19 18:12:33,29botnet
node3,437414.6805852715,home,task0,31.03.19 18:13:15,30botnet.ipsum
node3,437414.6805852715,home,task0,31.03.19 18:13:15,30botnet.ipsum
node3,436181.3471502591,home,task1,31.03.19 18:13:20,30botnet
node3,436181.3471502591,home,task1,31.03.19 18:13:21,30botnet
node3,436181.3471502591,home,task3,31.03.19 18:13:23,30botnet
node3,436181.3471502591,home,task3,31.03.19 18:13:23,30botnet
node3,436181.3471502591,home,task2,31.03.19 18:13:24,30botnet
node3,436181.3471502591,home,task2,31.03.19 18:13:25,30botnet
node3,436181.3471502591,home,task4,31.03.19 18:13:26,30botnet
node3,436181.3471502591,home,task4,31.03.19 18:13:26,30botnet
node3,436181.3471502591,home,task4,31.03.19 18:13:32,30botnet
node3,436181.3471502591,home,task4,31.03.19 18:13:32,30botnet
node3,436181.3471502591,home,task5,31.03.19 18:13:34,30botnet
node3,436181.3471502591,home,task5,31.03.19 18:13:35,30botnet
node3,436181.3471502591,home,task4,31.03.19 18:13:36,30botnet
node3,436181.3471502591,home,task4,31.03.19 18:13:36,30botnet
node3,436181.3471502591,home,task6,31.03.19 18:13:37,30botnet
node3,436181.3471502591,home,task6,31.03.19 18:13:38,30botnet
node3,436181.3471502591,home,task6,31.03.19 18:13:41,30botnet
node3,436181.3471502591,home,task6,31.03.19 18:13:42,30botnet
node3,436181.3471502591,home,task6,31.03.19 18:13:46,30botnet
node3,436181.3471502591,home,task6,31.03.19 18:13:47,30botnet
node3,437414.6805852715,home,task0,31.03.19 18:14:25,31botnet.ipsum
node3,437414.6805852715,home,task0,31.03.19 18:14:25,31botnet.ipsum
node3,436181.3471502591,home,task1,31.03.19 18:14:30,31botnet
node3,436181.3471502591,home,task1,31.03.19 18:14:31,31botnet
node3,436181.3471502591,home,task3,31.03.19 18:14:32,31botnet
node3,436181.3471502591,home,task3,31.03.19 18:14:32,31botnet
node3,436181.3471502591,home,task2,31.03.19 18:14:33,31botnet
node3,436181.3471502591,home,task2,31.03.19 18:14:34,31botnet
node3,436181.3471502591,home,task4,31.03.19 18:14:35,31botnet
node3,436181.3471502591,home,task4,31.03.19 18:14:35,31botnet
node3,436181.3471502591,home,task4,31.03.19 18:14:41,31botnet
node3,436181.3471502591,home,task4,31.03.19 18:14:41,31botnet
node3,436181.3471502591,home,task5,31.03.19 18:14:44,31botnet
node3,436181.3471502591,home,task5,31.03.19 18:14:44,31botnet
node3,436181.3471502591,home,task4,31.03.19 18:14:45,31botnet
node3,436181.3471502591,home,task4,31.03.19 18:14:45,31botnet
node3,436181.3471502591,home,task6,31.03.19 18:14:47,31botnet
node3,436181.3471502591,home,task6,31.03.19 18:14:47,31botnet
node3,436181.3471502591,home,task6,31.03.19 18:14:52,31botnet
node3,436181.3471502591,home,task6,31.03.19 18:14:53,31botnet
node3,436181.3471502591,home,task6,31.03.19 18:14:58,31botnet
node3,436181.3471502591,home,task6,31.03.19 18:14:59,31botnet
node3,440769.04772072664,home,task0,31.03.19 18:15:40,32botnet.ipsum
node3,440769.04772072664,home,task0,31.03.19 18:15:40,32botnet.ipsum
node3,439535.71428571426,home,task1,31.03.19 18:15:45,32botnet
node3,439535.71428571426,home,task1,31.03.19 18:15:46,32botnet
node3,439535.71428571426,home,task3,31.03.19 18:15:47,32botnet
node3,439535.71428571426,home,task3,31.03.19 18:15:47,32botnet
node3,439535.71428571426,home,task2,31.03.19 18:15:49,32botnet
node3,439535.71428571426,home,task2,31.03.19 18:15:49,32botnet
node3,439535.71428571426,home,task4,31.03.19 18:15:50,32botnet
node3,439535.71428571426,home,task4,31.03.19 18:15:50,32botnet
node3,439535.71428571426,home,task4,31.03.19 18:15:56,32botnet
node3,439535.71428571426,home,task4,31.03.19 18:15:57,32botnet
node3,439535.71428571426,home,task5,31.03.19 18:15:59,32botnet
node3,439535.71428571426,home,task5,31.03.19 18:15:59,32botnet
node3,439535.71428571426,home,task4,31.03.19 18:16:00,32botnet
node3,439535.71428571426,home,task4,31.03.19 18:16:01,32botnet
node3,439535.71428571426,home,task6,31.03.19 18:16:02,32botnet
node3,439535.71428571426,home,task6,31.03.19 18:16:03,32botnet
node3,439535.71428571426,home,task6,31.03.19 18:16:05,32botnet
node3,439535.71428571426,home,task6,31.03.19 18:16:07,32botnet
node3,439535.71428571426,home,task6,31.03.19 18:16:11,32botnet
node3,439535.71428571426,home,task6,31.03.19 18:16:12,32botnet
node3,440769.04772072664,home,task0,31.03.19 18:16:50,33botnet.ipsum
node3,440769.04772072664,home,task0,31.03.19 18:16:50,33botnet.ipsum
node3,439535.71428571426,home,task1,31.03.19 18:16:55,33botnet
node3,439535.71428571426,home,task1,31.03.19 18:16:56,33botnet
node3,439535.71428571426,home,task3,31.03.19 18:16:57,33botnet
node3,439535.71428571426,home,task3,31.03.19 18:16:57,33botnet
node3,439535.71428571426,home,task2,31.03.19 18:16:59,33botnet
node3,439535.71428571426,home,task2,31.03.19 18:16:59,33botnet
node3,439535.71428571426,home,task4,31.03.19 18:17:00,33botnet
node3,439535.71428571426,home,task4,31.03.19 18:17:00,33botnet
node3,439535.71428571426,home,task4,31.03.19 18:17:06,33botnet
node3,439535.71428571426,home,task4,31.03.19 18:17:06,33botnet
node3,439535.71428571426,home,task5,31.03.19 18:17:08,33botnet
node3,439535.71428571426,home,task5,31.03.19 18:17:09,33botnet
node3,439535.71428571426,home,task4,31.03.19 18:17:10,33botnet
node3,439535.71428571426,home,task4,31.03.19 18:17:10,33botnet
node3,439535.71428571426,home,task6,31.03.19 18:17:11,33botnet
node3,439535.71428571426,home,task6,31.03.19 18:17:12,33botnet
node3,439535.71428571426,home,task6,31.03.19 18:17:18,33botnet
node3,439535.71428571426,home,task6,31.03.19 18:17:19,33botnet
node3,440769.04772072664,home,task0,31.03.19 18:18:00,34botnet.ipsum
node3,440769.04772072664,home,task0,31.03.19 18:18:00,34botnet.ipsum
node3,439535.71428571426,home,task1,31.03.19 18:18:05,34botnet
node3,439535.71428571426,home,task1,31.03.19 18:18:06,34botnet
node3,439535.71428571426,home,task3,31.03.19 18:18:07,34botnet
node3,439535.71428571426,home,task3,31.03.19 18:18:08,34botnet
node3,439535.71428571426,home,task2,31.03.19 18:18:09,34botnet
node3,439535.71428571426,home,task2,31.03.19 18:18:09,34botnet
node3,439535.71428571426,home,task4,31.03.19 18:18:11,34botnet
node3,439535.71428571426,home,task4,31.03.19 18:18:11,34botnet
node3,439535.71428571426,home,task4,31.03.19 18:18:16,34botnet
node3,439535.71428571426,home,task4,31.03.19 18:18:17,34botnet
node3,443070.351758794,home,task5,31.03.19 18:18:19,34botnet
node3,443070.351758794,home,task5,31.03.19 18:18:19,34botnet
node3,443070.351758794,home,task4,31.03.19 18:18:20,34botnet
node3,443070.351758794,home,task4,31.03.19 18:18:21,34botnet
node3,443070.351758794,home,task6,31.03.19 18:18:22,34botnet
node3,443070.351758794,home,task6,31.03.19 18:18:23,34botnet
node3,443070.351758794,home,task6,31.03.19 18:18:26,34botnet
node3,443070.351758794,home,task6,31.03.19 18:18:26,34botnet
node3,443070.351758794,home,task6,31.03.19 18:18:31,34botnet
node3,443070.351758794,home,task6,31.03.19 18:18:32,34botnet
node3,444303.68519380636,home,task0,31.03.19 18:19:10,35botnet.ipsum
node3,444303.68519380636,home,task0,31.03.19 18:19:10,35botnet.ipsum
node3,443070.351758794,home,task1,31.03.19 18:19:15,35botnet
node3,443070.351758794,home,task1,31.03.19 18:19:16,35botnet
node3,443070.351758794,home,task3,31.03.19 18:19:17,35botnet
node3,443070.351758794,home,task3,31.03.19 18:19:18,35botnet
node3,443070.351758794,home,task2,31.03.19 18:19:19,35botnet
node3,443070.351758794,home,task2,31.03.19 18:19:19,35botnet
node3,443070.351758794,home,task4,31.03.19 18:19:20,35botnet
node3,443070.351758794,home,task4,31.03.19 18:19:21,35botnet
node3,443070.351758794,home,task4,31.03.19 18:19:26,35botnet
node3,443070.351758794,home,task4,31.03.19 18:19:27,35botnet
node3,443070.351758794,home,task5,31.03.19 18:19:29,35botnet
node3,443070.351758794,home,task5,31.03.19 18:19:29,35botnet
node3,443070.351758794,home,task4,31.03.19 18:19:30,35botnet
node3,443070.351758794,home,task4,31.03.19 18:19:31,35botnet
node3,443070.351758794,home,task6,31.03.19 18:19:32,35botnet
node3,443070.351758794,home,task6,31.03.19 18:19:33,35botnet
node3,443070.351758794,home,task6,31.03.19 18:19:35,35botnet
node3,443070.351758794,home,task6,31.03.19 18:19:36,35botnet
node3,443070.351758794,home,task6,31.03.19 18:19:41,35botnet
node3,443070.351758794,home,task6,31.03.19 18:19:42,35botnet
node3,444303.68519380636,home,task0,31.03.19 18:20:20,36botnet.ipsum
node3,444303.68519380636,home,task0,31.03.19 18:20:20,36botnet.ipsum
node3,443070.351758794,home,task1,31.03.19 18:20:25,36botnet
node3,443070.351758794,home,task1,31.03.19 18:20:26,36botnet
node3,443070.351758794,home,task3,31.03.19 18:20:28,36botnet
node3,443070.351758794,home,task3,31.03.19 18:20:28,36botnet
node3,443070.351758794,home,task2,31.03.19 18:20:29,36botnet
node3,443070.351758794,home,task2,31.03.19 18:20:30,36botnet
node3,443070.351758794,home,task4,31.03.19 18:20:31,36botnet
node3,443070.351758794,home,task4,31.03.19 18:20:31,36botnet
node3,443070.351758794,home,task4,31.03.19 18:20:37,36botnet
node3,443070.351758794,home,task4,31.03.19 18:20:37,36botnet
node3,443070.351758794,home,task5,31.03.19 18:20:39,36botnet
node3,443070.351758794,home,task5,31.03.19 18:20:39,36botnet
node3,443070.351758794,home,task4,31.03.19 18:20:41,36botnet
node3,443070.351758794,home,task4,31.03.19 18:20:41,36botnet
node3,443070.351758794,home,task6,31.03.19 18:20:42,36botnet
node3,443070.351758794,home,task6,31.03.19 18:20:43,36botnet
node3,443070.351758794,home,task6,31.03.19 18:20:46,36botnet
node3,443070.351758794,home,task6,31.03.19 18:20:47,36botnet
node3,443070.351758794,home,task6,31.03.19 18:20:52,36botnet
node3,443070.351758794,home,task6,31.03.19 18:20:53,36botnet
node3,447980.8581874877,home,task0,31.03.19 18:21:35,37botnet.ipsum
node3,447980.8581874877,home,task0,31.03.19 18:21:35,37botnet.ipsum
node3,446747.5247524753,home,task1,31.03.19 18:21:40,37botnet
node3,446747.5247524753,home,task1,31.03.19 18:21:41,37botnet
node3,446747.5247524753,home,task3,31.03.19 18:21:42,37botnet
node3,446747.5247524753,home,task3,31.03.19 18:21:43,37botnet
node3,446747.5247524753,home,task2,31.03.19 18:21:44,37botnet
node3,446747.5247524753,home,task2,31.03.19 18:21:44,37botnet
node3,446747.5247524753,home,task4,31.03.19 18:21:45,37botnet
node3,446747.5247524753,home,task4,31.03.19 18:21:46,37botnet
node3,446747.5247524753,home,task4,31.03.19 18:21:51,37botnet
node3,446747.5247524753,home,task4,31.03.19 18:21:52,37botnet
node3,446747.5247524753,home,task5,31.03.19 18:21:54,37botnet
node3,446747.5247524753,home,task5,31.03.19 18:21:54,37botnet
node3,446747.5247524753,home,task4,31.03.19 18:21:55,37botnet
node3,446747.5247524753,home,task4,31.03.19 18:21:56,37botnet
node3,446747.5247524753,home,task6,31.03.19 18:21:57,37botnet
node3,446747.5247524753,home,task6,31.03.19 18:21:58,37botnet
node3,446747.5247524753,home,task6,31.03.19 18:22:00,37botnet
node3,446747.5247524753,home,task6,31.03.19 18:22:01,37botnet
node3,446747.5247524753,home,task6,31.03.19 18:22:06,37botnet
node3,446747.5247524753,home,task6,31.03.19 18:22:07,37botnet
node3,447980.8581874877,home,task0,31.03.19 18:22:45,38botnet.ipsum
node3,447980.8581874877,home,task0,31.03.19 18:22:45,38botnet.ipsum
node3,446747.5247524753,home,task1,31.03.19 18:22:50,38botnet
node3,446747.5247524753,home,task1,31.03.19 18:22:51,38botnet
node3,446747.5247524753,home,task3,31.03.19 18:22:53,38botnet
node3,446747.5247524753,home,task3,31.03.19 18:22:53,38botnet
node3,446747.5247524753,home,task2,31.03.19 18:22:54,38botnet
node3,446747.5247524753,home,task2,31.03.19 18:22:54,38botnet
node3,446747.5247524753,home,task4,31.03.19 18:22:55,38botnet
node3,446747.5247524753,home,task4,31.03.19 18:22:56,38botnet
node3,446747.5247524753,home,task4,31.03.19 18:23:02,38botnet
node3,446747.5247524753,home,task4,31.03.19 18:23:02,38botnet
node3,446747.5247524753,home,task5,31.03.19 18:23:04,38botnet
node3,446747.5247524753,home,task5,31.03.19 18:23:04,38botnet
node3,446747.5247524753,home,task4,31.03.19 18:23:06,38botnet
node3,446747.5247524753,home,task4,31.03.19 18:23:06,38botnet
node3,446747.5247524753,home,task6,31.03.19 18:23:07,38botnet
node3,446747.5247524753,home,task6,31.03.19 18:23:08,38botnet
node3,446747.5247524753,home,task6,31.03.19 18:23:11,38botnet
node3,446747.5247524753,home,task6,31.03.19 18:23:12,38botnet
node3,446747.5247524753,home,task6,31.03.19 18:23:17,38botnet
node3,446747.5247524753,home,task6,31.03.19 18:23:18,38botnet
node3,447980.8581874877,home,task0,31.03.19 18:23:55,39botnet.ipsum
node3,447980.8581874877,home,task0,31.03.19 18:23:56,39botnet.ipsum
node3,446747.5247524753,home,task1,31.03.19 18:24:00,39botnet
node3,446747.5247524753,home,task1,31.03.19 18:24:01,39botnet
node3,446747.5247524753,home,task3,31.03.19 18:24:03,39botnet
node3,446747.5247524753,home,task3,31.03.19 18:24:03,39botnet
node3,446747.5247524753,home,task2,31.03.19 18:24:04,39botnet
node3,446747.5247524753,home,task2,31.03.19 18:24:04,39botnet
node3,446747.5247524753,home,task4,31.03.19 18:24:06,39botnet
node3,446747.5247524753,home,task4,31.03.19 18:24:06,39botnet
node3,446747.5247524753,home,task4,31.03.19 18:24:12,39botnet
node3,446747.5247524753,home,task4,31.03.19 18:24:12,39botnet
node3,446747.5247524753,home,task5,31.03.19 18:24:15,39botnet
node3,446747.5247524753,home,task5,31.03.19 18:24:15,39botnet
node3,446747.5247524753,home,task4,31.03.19 18:24:16,39botnet
node3,446747.5247524753,home,task4,31.03.19 18:24:16,39botnet
node3,449965.8536585367,home,task6,31.03.19 18:24:17,39botnet
node3,449965.8536585367,home,task6,31.03.19 18:24:18,39botnet
node3,449965.8536585367,home,task6,31.03.19 18:24:21,39botnet
node3,449965.8536585367,home,task6,31.03.19 18:24:22,39botnet
node3,449965.8536585367,home,task6,31.03.19 18:24:27,39botnet
node3,449965.8536585367,home,task6,31.03.19 18:24:28,39botnet
node3,451199.18709354906,home,task0,31.03.19 18:25:05,40botnet.ipsum
node3,451199.18709354906,home,task0,31.03.19 18:25:05,40botnet.ipsum
node3,449965.8536585367,home,task1,31.03.19 18:25:10,40botnet
node3,449965.8536585367,home,task1,31.03.19 18:25:11,40botnet
node3,449965.8536585367,home,task3,31.03.19 18:25:12,40botnet
node3,449965.8536585367,home,task3,31.03.19 18:25:13,40botnet
node3,449965.8536585367,home,task2,31.03.19 18:25:14,40botnet
node3,449965.8536585367,home,task2,31.03.19 18:25:14,40botnet
node3,449965.8536585367,home,task4,31.03.19 18:25:15,40botnet
node3,449965.8536585367,home,task4,31.03.19 18:25:16,40botnet
node3,449965.8536585367,home,task4,31.03.19 18:25:21,40botnet
node3,449965.8536585367,home,task4,31.03.19 18:25:22,40botnet
node3,449965.8536585367,home,task5,31.03.19 18:25:24,40botnet
node3,449965.8536585367,home,task5,31.03.19 18:25:24,40botnet
node3,449965.8536585367,home,task4,31.03.19 18:25:25,40botnet
node3,449965.8536585367,home,task4,31.03.19 18:25:26,40botnet
node3,449965.8536585367,home,task6,31.03.19 18:25:27,40botnet
node3,449965.8536585367,home,task6,31.03.19 18:25:28,40botnet
node3,449965.8536585367,home,task6,31.03.19 18:25:30,40botnet
node3,449965.8536585367,home,task6,31.03.19 18:25:31,40botnet
node3,449965.8536585367,home,task6,31.03.19 18:25:36,40botnet
node3,449965.8536585367,home,task6,31.03.19 18:25:37,40botnet
node3,451199.18709354906,home,task0,31.03.19 18:26:15,41botnet.ipsum
node3,451199.18709354906,home,task0,31.03.19 18:26:16,41botnet.ipsum
node3,449965.8536585367,home,task1,31.03.19 18:26:20,41botnet
node3,449965.8536585367,home,task1,31.03.19 18:26:21,41botnet
node3,449965.8536585367,home,task3,31.03.19 18:26:23,41botnet
node3,449965.8536585367,home,task3,31.03.19 18:26:23,41botnet
node3,449965.8536585367,home,task2,31.03.19 18:26:24,41botnet
node3,449965.8536585367,home,task2,31.03.19 18:26:25,41botnet
node3,449965.8536585367,home,task4,31.03.19 18:26:26,41botnet
node3,449965.8536585367,home,task4,31.03.19 18:26:26,41botnet
node3,449965.8536585367,home,task4,31.03.19 18:26:32,41botnet
node3,449965.8536585367,home,task4,31.03.19 18:26:32,41botnet
node3,449965.8536585367,home,task5,31.03.19 18:26:34,41botnet
node3,449965.8536585367,home,task5,31.03.19 18:26:34,41botnet
node3,449965.8536585367,home,task4,31.03.19 18:26:36,41botnet
node3,449965.8536585367,home,task4,31.03.19 18:26:36,41botnet
node3,449965.8536585367,home,task6,31.03.19 18:26:37,41botnet
node3,449965.8536585367,home,task6,31.03.19 18:26:38,41botnet
node3,449965.8536585367,home,task6,31.03.19 18:26:41,41botnet
node3,449965.8536585367,home,task6,31.03.19 18:26:41,41botnet
node3,449965.8536585367,home,task6,31.03.19 18:26:46,41botnet
node3,449965.8536585367,home,task6,31.03.19 18:26:47,41botnet
node3,453882.3718965509,home,task0,31.03.19 18:27:25,42botnet.ipsum
node3,453882.3718965509,home,task0,31.03.19 18:27:26,42botnet.ipsum
node3,452649.0384615385,home,task1,31.03.19 18:27:30,42botnet
node3,452649.0384615385,home,task1,31.03.19 18:27:31,42botnet
node3,452649.0384615385,home,task3,31.03.19 18:27:33,42botnet
node3,452649.0384615385,home,task3,31.03.19 18:27:33,42botnet
node3,452649.0384615385,home,task2,31.03.19 18:27:34,42botnet
node3,452649.0384615385,home,task2,31.03.19 18:27:34,42botnet
node3,452649.0384615385,home,task4,31.03.19 18:27:35,42botnet
node3,452649.0384615385,home,task4,31.03.19 18:27:36,42botnet
node3,452649.0384615385,home,task4,31.03.19 18:27:42,42botnet
node3,452649.0384615385,home,task4,31.03.19 18:27:42,42botnet
node3,452649.0384615385,home,task5,31.03.19 18:27:44,42botnet
node3,452649.0384615385,home,task5,31.03.19 18:27:44,42botnet
node3,452649.0384615385,home,task4,31.03.19 18:27:45,42botnet
node3,452649.0384615385,home,task4,31.03.19 18:27:46,42botnet
node3,452649.0384615385,home,task6,31.03.19 18:27:47,42botnet
node3,452649.0384615385,home,task6,31.03.19 18:27:48,42botnet
node3,452649.0384615385,home,task6,31.03.19 18:27:50,42botnet
node3,452649.0384615385,home,task6,31.03.19 18:27:51,42botnet
node3,452649.0384615385,home,task6,31.03.19 18:27:56,42botnet
node3,452649.0384615385,home,task6,31.03.19 18:27:57,42botnet
node3,453882.3718965509,home,task0,31.03.19 18:28:36,43botnet.ipsum
node3,453882.3718965509,home,task0,31.03.19 18:28:36,43botnet.ipsum
node3,452649.0384615385,home,task1,31.03.19 18:28:41,43botnet
node3,452649.0384615385,home,task1,31.03.19 18:28:41,43botnet
node3,452649.0384615385,home,task3,31.03.19 18:28:43,43botnet
node3,452649.0384615385,home,task3,31.03.19 18:28:43,43botnet
node3,452649.0384615385,home,task2,31.03.19 18:28:44,43botnet
node3,452649.0384615385,home,task2,31.03.19 18:28:45,43botnet
node3,452649.0384615385,home,task4,31.03.19 18:28:46,43botnet
node3,452649.0384615385,home,task4,31.03.19 18:28:46,43botnet
node3,452649.0384615385,home,task4,31.03.19 18:28:52,43botnet
node3,452649.0384615385,home,task4,31.03.19 18:28:52,43botnet
node3,452649.0384615385,home,task5,31.03.19 18:28:54,43botnet
node3,452649.0384615385,home,task5,31.03.19 18:28:55,43botnet
node3,452649.0384615385,home,task4,31.03.19 18:28:56,43botnet
node3,452649.0384615385,home,task4,31.03.19 18:28:56,43botnet
node3,452649.0384615385,home,task6,31.03.19 18:28:57,43botnet
node3,452649.0384615385,home,task6,31.03.19 18:28:59,43botnet
node3,452649.0384615385,home,task6,31.03.19 18:29:01,43botnet
node3,452649.0384615385,home,task6,31.03.19 18:29:02,43botnet
node3,452649.0384615385,home,task6,31.03.19 18:29:07,43botnet
node3,452649.0384615385,home,task6,31.03.19 18:29:08,43botnet
node3,453882.3718965509,home,task0,31.03.19 18:29:46,44botnet.ipsum
node3,453882.3718965509,home,task0,31.03.19 18:29:46,44botnet.ipsum
node3,452649.0384615385,home,task1,31.03.19 18:29:51,44botnet
node3,452649.0384615385,home,task1,31.03.19 18:29:52,44botnet
node3,452649.0384615385,home,task3,31.03.19 18:29:53,44botnet
node3,452649.0384615385,home,task3,31.03.19 18:29:53,44botnet
node3,452649.0384615385,home,task2,31.03.19 18:29:54,44botnet
node3,452649.0384615385,home,task2,31.03.19 18:29:55,44botnet
node3,452649.0384615385,home,task4,31.03.19 18:29:56,44botnet
node3,452649.0384615385,home,task4,31.03.19 18:29:56,44botnet
node3,452649.0384615385,home,task4,31.03.19 18:30:02,44botnet
node3,452649.0384615385,home,task4,31.03.19 18:30:02,44botnet
node3,452649.0384615385,home,task5,31.03.19 18:30:04,44botnet
node3,452649.0384615385,home,task5,31.03.19 18:30:05,44botnet
node3,452649.0384615385,home,task4,31.03.19 18:30:06,44botnet
node3,452649.0384615385,home,task4,31.03.19 18:30:06,44botnet
node3,452649.0384615385,home,task6,31.03.19 18:30:08,44botnet
node3,452649.0384615385,home,task6,31.03.19 18:30:10,44botnet
node3,452649.0384615385,home,task6,31.03.19 18:30:13,44botnet
node3,452649.0384615385,home,task6,31.03.19 18:30:14,44botnet
node3,455545.0236966825,home,task6,31.03.19 18:30:19,44botnet
node3,455545.0236966825,home,task6,31.03.19 18:30:19,44botnet
node3,456778.35713169485,home,task0,31.03.19 18:31:01,45botnet.ipsum
node3,456778.35713169485,home,task0,31.03.19 18:31:01,45botnet.ipsum
node3,455545.0236966825,home,task1,31.03.19 18:31:06,45botnet
node3,455545.0236966825,home,task1,31.03.19 18:31:07,45botnet
node3,455545.0236966825,home,task3,31.03.19 18:31:08,45botnet
node3,455545.0236966825,home,task3,31.03.19 18:31:08,45botnet
node3,455545.0236966825,home,task2,31.03.19 18:31:09,45botnet
node3,455545.0236966825,home,task2,31.03.19 18:31:10,45botnet
node3,455545.0236966825,home,task4,31.03.19 18:31:11,45botnet
node3,455545.0236966825,home,task4,31.03.19 18:31:11,45botnet
node3,455545.0236966825,home,task4,31.03.19 18:31:17,45botnet
node3,455545.0236966825,home,task4,31.03.19 18:31:17,45botnet
node3,455545.0236966825,home,task5,31.03.19 18:31:19,45botnet
node3,455545.0236966825,home,task5,31.03.19 18:31:20,45botnet
node3,455545.0236966825,home,task4,31.03.19 18:31:21,45botnet
node3,455545.0236966825,home,task4,31.03.19 18:31:21,45botnet
node3,455545.0236966825,home,task6,31.03.19 18:31:22,45botnet
node3,455545.0236966825,home,task6,31.03.19 18:31:23,45botnet
node3,455545.0236966825,home,task6,31.03.19 18:31:26,45botnet
node3,455545.0236966825,home,task6,31.03.19 18:31:27,45botnet
node3,455545.0236966825,home,task6,31.03.19 18:31:31,45botnet
node3,455545.0236966825,home,task6,31.03.19 18:31:32,45botnet
node3,456778.35713169485,home,task0,31.03.19 18:32:11,46botnet.ipsum
node3,456778.35713169485,home,task0,31.03.19 18:32:11,46botnet.ipsum
node3,455545.0236966825,home,task1,31.03.19 18:32:16,46botnet
node3,455545.0236966825,home,task1,31.03.19 18:32:17,46botnet
node3,455545.0236966825,home,task3,31.03.19 18:32:18,46botnet
node3,455545.0236966825,home,task3,31.03.19 18:32:18,46botnet
node3,455545.0236966825,home,task2,31.03.19 18:32:20,46botnet
node3,455545.0236966825,home,task2,31.03.19 18:32:20,46botnet
node3,455545.0236966825,home,task4,31.03.19 18:32:21,46botnet
node3,455545.0236966825,home,task4,31.03.19 18:32:21,46botnet
node3,455545.0236966825,home,task4,31.03.19 18:32:27,46botnet
node3,455545.0236966825,home,task4,31.03.19 18:32:27,46botnet
node3,455545.0236966825,home,task5,31.03.19 18:32:30,46botnet
node3,455545.0236966825,home,task5,31.03.19 18:32:30,46botnet
node3,455545.0236966825,home,task4,31.03.19 18:32:31,46botnet
node3,455545.0236966825,home,task4,31.03.19 18:32:31,46botnet
node3,455545.0236966825,home,task6,31.03.19 18:32:33,46botnet
node3,455545.0236966825,home,task6,31.03.19 18:32:34,46botnet
node3,455545.0236966825,home,task6,31.03.19 18:32:36,46botnet
node3,455545.0236966825,home,task6,31.03.19 18:32:37,46botnet
node3,455545.0236966825,home,task6,31.03.19 18:32:42,46botnet
node3,455545.0236966825,home,task6,31.03.19 18:32:43,46botnet
node3,460163.2399770684,home,task0,31.03.19 18:33:21,47botnet.ipsum
node3,460163.2399770684,home,task0,31.03.19 18:33:21,47botnet.ipsum
node3,458929.906542056,home,task1,31.03.19 18:33:26,47botnet
node3,458929.906542056,home,task1,31.03.19 18:33:27,47botnet
node3,458929.906542056,home,task3,31.03.19 18:33:28,47botnet
node3,458929.906542056,home,task3,31.03.19 18:33:29,47botnet
node3,458929.906542056,home,task2,31.03.19 18:33:30,47botnet
node3,458929.906542056,home,task2,31.03.19 18:33:30,47botnet
node3,458929.906542056,home,task4,31.03.19 18:33:31,47botnet
node3,458929.906542056,home,task4,31.03.19 18:33:32,47botnet
node3,458929.906542056,home,task4,31.03.19 18:33:37,47botnet
node3,458929.906542056,home,task4,31.03.19 18:33:38,47botnet
node3,458929.906542056,home,task5,31.03.19 18:33:40,47botnet
node3,458929.906542056,home,task5,31.03.19 18:33:40,47botnet
node3,458929.906542056,home,task4,31.03.19 18:33:41,47botnet
node3,458929.906542056,home,task4,31.03.19 18:33:41,47botnet
node3,458929.906542056,home,task6,31.03.19 18:33:43,47botnet
node3,458929.906542056,home,task6,31.03.19 18:33:43,47botnet
node3,458929.906542056,home,task6,31.03.19 18:33:46,47botnet
node3,458929.906542056,home,task6,31.03.19 18:33:47,47botnet
node3,458929.906542056,home,task6,31.03.19 18:33:52,47botnet
node3,458929.906542056,home,task6,31.03.19 18:33:53,47botnet
node3,460163.2399770684,home,task0,31.03.19 18:34:31,48botnet.ipsum
node3,460163.2399770684,home,task0,31.03.19 18:34:31,48botnet.ipsum
node3,458929.906542056,home,task1,31.03.19 18:34:36,48botnet
node3,458929.906542056,home,task1,31.03.19 18:34:37,48botnet
node3,458929.906542056,home,task3,31.03.19 18:34:38,48botnet
node3,458929.906542056,home,task3,31.03.19 18:34:38,48botnet
node3,458929.906542056,home,task2,31.03.19 18:34:39,48botnet
node3,458929.906542056,home,task2,31.03.19 18:34:40,48botnet
node3,458929.906542056,home,task4,31.03.19 18:34:41,48botnet
node3,458929.906542056,home,task4,31.03.19 18:34:41,48botnet
node3,458929.906542056,home,task4,31.03.19 18:34:47,48botnet
node3,458929.906542056,home,task4,31.03.19 18:34:47,48botnet
node3,458929.906542056,home,task5,31.03.19 18:34:49,48botnet
node3,458929.906542056,home,task5,31.03.19 18:34:50,48botnet
node3,458929.906542056,home,task4,31.03.19 18:34:51,48botnet
node3,458929.906542056,home,task4,31.03.19 18:34:51,48botnet
node3,458929.906542056,home,task6,31.03.19 18:34:52,48botnet
node3,458929.906542056,home,task6,31.03.19 18:34:53,48botnet
node3,458929.906542056,home,task6,31.03.19 18:34:56,48botnet
node3,458929.906542056,home,task6,31.03.19 18:34:57,48botnet
node3,458929.906542056,home,task6,31.03.19 18:35:02,48botnet
node3,458929.906542056,home,task6,31.03.19 18:35:03,48botnet
node3,460163.2399770684,home,task0,31.03.19 18:35:41,49botnet.ipsum
node3,460163.2399770684,home,task0,31.03.19 18:35:41,49botnet.ipsum
node3,458929.906542056,home,task1,31.03.19 18:35:46,49botnet
node3,458929.906542056,home,task1,31.03.19 18:35:47,49botnet
node3,458929.906542056,home,task3,31.03.19 18:35:48,49botnet
node3,458929.906542056,home,task3,31.03.19 18:35:48,49botnet
node3,458929.906542056,home,task2,31.03.19 18:35:50,49botnet
node3,458929.906542056,home,task2,31.03.19 18:35:50,49botnet
node3,458929.906542056,home,task4,31.03.19 18:35:51,49botnet
node3,458929.906542056,home,task4,31.03.19 18:35:52,49botnet
node3,458929.906542056,home,task4,31.03.19 18:35:57,49botnet
node3,458929.906542056,home,task4,31.03.19 18:35:58,49botnet
node3,458929.906542056,home,task5,31.03.19 18:36:00,49botnet
node3,458929.906542056,home,task5,31.03.19 18:36:00,49botnet
node3,458929.906542056,home,task4,31.03.19 18:36:01,49botnet
node3,458929.906542056,home,task4,31.03.19 18:36:02,49botnet
node3,458929.906542056,home,task6,31.03.19 18:36:03,49botnet
node3,458929.906542056,home,task6,31.03.19 18:36:04,49botnet
node3,458929.906542056,home,task6,31.03.19 18:36:07,49botnet
node3,458929.906542056,home,task6,31.03.19 18:36:08,49botnet
node3,458929.906542056,home,task6,31.03.19 18:36:13,49botnet
node3,458929.906542056,home,task6,31.03.19 18:36:14,49botnet
node3,462924.57767464366,home,task0,31.03.19 18:36:51,50botnet.ipsum
node3,462924.57767464366,home,task0,31.03.19 18:36:51,50botnet.ipsum
node3,461691.2442396313,home,task1,31.03.19 18:36:56,50botnet
node3,461691.2442396313,home,task1,31.03.19 18:36:57,50botnet
node3,461691.2442396313,home,task3,31.03.19 18:36:58,50botnet
node3,461691.2442396313,home,task3,31.03.19 18:36:59,50botnet
node3,461691.2442396313,home,task2,31.03.19 18:37:00,50botnet
node3,461691.2442396313,home,task2,31.03.19 18:37:00,50botnet
node3,461691.2442396313,home,task4,31.03.19 18:37:01,50botnet
node3,461691.2442396313,home,task4,31.03.19 18:37:02,50botnet
node3,461691.2442396313,home,task4,31.03.19 18:37:07,50botnet
node3,461691.2442396313,home,task4,31.03.19 18:37:08,50botnet
node3,461691.2442396313,home,task5,31.03.19 18:37:10,50botnet
node3,461691.2442396313,home,task5,31.03.19 18:37:10,50botnet
node3,461691.2442396313,home,task4,31.03.19 18:37:11,50botnet
node3,461691.2442396313,home,task4,31.03.19 18:37:12,50botnet
node3,461691.2442396313,home,task6,31.03.19 18:37:13,50botnet
node3,461691.2442396313,home,task6,31.03.19 18:37:14,50botnet
node3,461691.2442396313,home,task6,31.03.19 18:37:16,50botnet
node3,461691.2442396313,home,task6,31.03.19 18:37:17,50botnet
node3,461691.2442396313,home,task6,31.03.19 18:37:22,50botnet
node3,461691.2442396313,home,task6,31.03.19 18:37:23,50botnet
